[
  {
    "url":"https://api.github.com/repos/Ankara-Cekici/bitnami-docker-kubectl/comments/76793535",
    "html_url":"https://github.com/Ankara-Cekici/bitnami-docker-kubectl/commit/25b4a37494da9553c001958299a265c20c2d7020#commitcomment-76793535",
    "id":76793535,
    "node_id":"CC_kwDOHjHX484Ek8a_",
    "user":{
      "login":"Bariscankibarcekici",
      "id":106708281,
      "node_id":"U_kgDOBlw9OQ",
      "avatar_url":"https://avatars.githubusercontent.com/u/106708281?v=4",
      "gravatar_id":"",
      "url":"https://api.github.com/users/Bariscankibarcekici",
      "html_url":"https://github.com/Bariscankibarcekici",
      "followers_url":"https://api.github.com/users/Bariscankibarcekici/followers",
      "following_url":"https://api.github.com/users/Bariscankibarcekici/following{/other_user}",
      "gists_url":"https://api.github.com/users/Bariscankibarcekici/gists{/gist_id}",
      "starred_url":"https://api.github.com/users/Bariscankibarcekici/starred{/owner}{/repo}",
      "subscriptions_url":"https://api.github.com/users/Bariscankibarcekici/subscriptions",
      "organizations_url":"https://api.github.com/users/Bariscankibarcekici/orgs",
      "repos_url":"https://api.github.com/users/Bariscankibarcekici/repos",
      "events_url":"https://api.github.com/users/Bariscankibarcekici/events{/privacy}",
      "received_events_url":"https://api.github.com/users/Bariscankibarcekici/received_events",
      "type":"User",
      "site_admin":false
    },
    "position":null,
    "line":null,
    "path":null,
    "commit_id":"25b4a37494da9553c001958299a265c20c2d7020",
    "created_at":"2022-06-23 10:26:34 UTC",
    "updated_at":"2022-06-23 10:26:34 UTC",
    "author_association":"MEMBER",
    "body":"starting yaml",
    "reactions":{
      "url":"https://api.github.com/repos/Ankara-Cekici/bitnami-docker-kubectl/comments/76793535/reactions",
      "total_count":0,
      "+1":0,
      "-1":0,
      "laugh":0,
      "hooray":0,
      "confused":0,
      "heart":0,
      "rocket":0,
      "eyes":0
    }
  },
  {
    "url":"https://api.github.com/repos/Ankara-Cekici/bitnami-docker-kubectl/comments/77876288",
    "html_url":"https://github.com/Ankara-Cekici/bitnami-docker-kubectl/commit/5e8650ba1df2e817b20e9adadd8cdcd2d2750209#commitcomment-77876288",
    "id":77876288,
    "node_id":"CC_kwDOHjHX484EpExA",
    "user":{
      "login":"Bariscankibarcekici",
      "id":106708281,
      "node_id":"U_kgDOBlw9OQ",
      "avatar_url":"https://avatars.githubusercontent.com/u/106708281?v=4",
      "gravatar_id":"",
      "url":"https://api.github.com/users/Bariscankibarcekici",
      "html_url":"https://github.com/Bariscankibarcekici",
      "followers_url":"https://api.github.com/users/Bariscankibarcekici/followers",
      "following_url":"https://api.github.com/users/Bariscankibarcekici/following{/other_user}",
      "gists_url":"https://api.github.com/users/Bariscankibarcekici/gists{/gist_id}",
      "starred_url":"https://api.github.com/users/Bariscankibarcekici/starred{/owner}{/repo}",
      "subscriptions_url":"https://api.github.com/users/Bariscankibarcekici/subscriptions",
      "organizations_url":"https://api.github.com/users/Bariscankibarcekici/orgs",
      "repos_url":"https://api.github.com/users/Bariscankibarcekici/repos",
      "events_url":"https://api.github.com/users/Bariscankibarcekici/events{/privacy}",
      "received_events_url":"https://api.github.com/users/Bariscankibarcekici/received_events",
      "type":"User",
      "site_admin":false
    },
    "position":null,
    "line":null,
    "path":null,
    "commit_id":"5e8650ba1df2e817b20e9adadd8cdcd2d2750209",
    "created_at":"2022-07-06 22:55:06 UTC",
    "updated_at":"2022-07-06 22:55:06 UTC",
    "author_association":"MEMBER",
    "body":"start bitnami",
    "reactions":{
      "url":"https://api.github.com/repos/Ankara-Cekici/bitnami-docker-kubectl/comments/77876288/reactions",
      "total_count":0,
      "+1":0,
      "-1":0,
      "laugh":0,
      "hooray":0,
      "confused":0,
      "heart":0,
      "rocket":0,
      "eyes":0
    }
  }
]
