[
  {
    "id":4261053345,
    "node_id":"LA_kwDOHjHX4879-oOh",
    "url":"https://api.github.com/repos/Ankara-Cekici/bitnami-docker-kubectl/labels/bug",
    "name":"bug",
    "color":"d73a4a",
    "default":true,
    "description":"Something isn't working"
  },
  {
    "id":4261053346,
    "node_id":"LA_kwDOHjHX4879-oOi",
    "url":"https://api.github.com/repos/Ankara-Cekici/bitnami-docker-kubectl/labels/documentation",
    "name":"documentation",
    "color":"0075ca",
    "default":true,
    "description":"Improvements or additions to documentation"
  },
  {
    "id":4261053348,
    "node_id":"LA_kwDOHjHX4879-oOk",
    "url":"https://api.github.com/repos/Ankara-Cekici/bitnami-docker-kubectl/labels/duplicate",
    "name":"duplicate",
    "color":"cfd3d7",
    "default":true,
    "description":"This issue or pull request already exists"
  },
  {
    "id":4261053350,
    "node_id":"LA_kwDOHjHX4879-oOm",
    "url":"https://api.github.com/repos/Ankara-Cekici/bitnami-docker-kubectl/labels/enhancement",
    "name":"enhancement",
    "color":"a2eeef",
    "default":true,
    "description":"New feature or request"
  },
  {
    "id":4261053352,
    "node_id":"LA_kwDOHjHX4879-oOo",
    "url":"https://api.github.com/repos/Ankara-Cekici/bitnami-docker-kubectl/labels/good%20first%20issue",
    "name":"good first issue",
    "color":"7057ff",
    "default":true,
    "description":"Good for newcomers"
  },
  {
    "id":4261053354,
    "node_id":"LA_kwDOHjHX4879-oOq",
    "url":"https://api.github.com/repos/Ankara-Cekici/bitnami-docker-kubectl/labels/help%20wanted",
    "name":"help wanted",
    "color":"008672",
    "default":true,
    "description":"Extra attention is needed"
  },
  {
    "id":4261053355,
    "node_id":"LA_kwDOHjHX4879-oOr",
    "url":"https://api.github.com/repos/Ankara-Cekici/bitnami-docker-kubectl/labels/invalid",
    "name":"invalid",
    "color":"e4e669",
    "default":true,
    "description":"This doesn't seem right"
  },
  {
    "id":4261053357,
    "node_id":"LA_kwDOHjHX4879-oOt",
    "url":"https://api.github.com/repos/Ankara-Cekici/bitnami-docker-kubectl/labels/question",
    "name":"question",
    "color":"d876e3",
    "default":true,
    "description":"Further information is requested"
  },
  {
    "id":4261053359,
    "node_id":"LA_kwDOHjHX4879-oOv",
    "url":"https://api.github.com/repos/Ankara-Cekici/bitnami-docker-kubectl/labels/wontfix",
    "name":"wontfix",
    "color":"ffffff",
    "default":true,
    "description":"This will not be worked on"
  }
]