{"id":506583011,"node_id":"R_kgDOHjHX4w","name":"bitnami-docker-kubectl","full_name":"Ankara-Cekici/bitnami-docker-kubectl","private":false,"owner":{"login":"Ankara-Cekici","id":107654903,"node_id":"O_kgDOBmqu9w","avatar_url":"https://avatars.githubusercontent.com/u/107654903?v=4","gravatar_id":"","url":"https://api.github.com/users/Ankara-Cekici","html_url":"https://github.com/Ankara-Cekici","followers_url":"https://api.github.com/users/Ankara-Cekici/followers","following_url":"https://api.github.com/users/Ankara-Cekici/following{/other_user}","gists_url":"https://api.github.com/users/Ankara-Cekici/gists{/gist_id}","starred_url":"https://api.github.com/users/Ankara-Cekici/starred{/owner}{/repo}","subscriptions_url":"https://api.github.com/users/Ankara-Cekici/subscriptions","organizations_url":"https://api.github.com/users/Ankara-Cekici/orgs","repos_url":"https://api.github.com/users/Ankara-Cekici/repos","events_url":"https://api.github.com/users/Ankara-Cekici/events{/privacy}","received_events_url":"https://api.github.com/users/Ankara-Cekici/received_events","type":"Organization","site_admin":false},"html_url":"https://github.com/Ankara-Cekici/bitnami-docker-kubectl","description":"Bitnami Docker Image for Kubectl","fork":true,"url":"https://api.github.com/repos/Ankara-Cekici/bitnami-docker-kubectl","forks_url":"https://api.github.com/repos/Ankara-Cekici/bitnami-docker-kubectl/forks","keys_url":"https://api.github.com/repos/Ankara-Cekici/bitnami-docker-kubectl/keys{/key_id}","collaborators_url":"https://api.github.com/repos/Ankara-Cekici/bitnami-docker-kubectl/collaborators{/collaborator}","teams_url":"https://api.github.com/repos/Ankara-Cekici/bitnami-docker-kubectl/teams","hooks_url":"https://api.github.com/repos/Ankara-Cekici/bitnami-docker-kubectl/hooks","issue_events_url":"https://api.github.com/repos/Ankara-Cekici/bitnami-docker-kubectl/issues/events{/number}","events_url":"https://api.github.com/repos/Ankara-Cekici/bitnami-docker-kubectl/events","assignees_url":"https://api.github.com/repos/Ankara-Cekici/bitnami-docker-kubectl/assignees{/user}","branches_url":"https://api.github.com/repos/Ankara-Cekici/bitnami-docker-kubectl/branches{/branch}","tags_url":"https://api.github.com/repos/Ankara-Cekici/bitnami-docker-kubectl/tags","blobs_url":"https://api.github.com/repos/Ankara-Cekici/bitnami-docker-kubectl/git/blobs{/sha}","git_tags_url":"https://api.github.com/repos/Ankara-Cekici/bitnami-docker-kubectl/git/tags{/sha}","git_refs_url":"https://api.github.com/repos/Ankara-Cekici/bitnami-docker-kubectl/git/refs{/sha}","trees_url":"https://api.github.com/repos/Ankara-Cekici/bitnami-docker-kubectl/git/trees{/sha}","statuses_url":"https://api.github.com/repos/Ankara-Cekici/bitnami-docker-kubectl/statuses/{sha}","languages_url":"https://api.github.com/repos/Ankara-Cekici/bitnami-docker-kubectl/languages","stargazers_url":"https://api.github.com/repos/Ankara-Cekici/bitnami-docker-kubectl/stargazers","contributors_url":"https://api.github.com/repos/Ankara-Cekici/bitnami-docker-kubectl/contributors","subscribers_url":"https://api.github.com/repos/Ankara-Cekici/bitnami-docker-kubectl/subscribers","subscription_url":"https://api.github.com/repos/Ankara-Cekici/bitnami-docker-kubectl/subscription","commits_url":"https://api.github.com/repos/Ankara-Cekici/bitnami-docker-kubectl/commits{/sha}","git_commits_url":"https://api.github.com/repos/Ankara-Cekici/bitnami-docker-kubectl/git/commits{/sha}","comments_url":"https://api.github.com/repos/Ankara-Cekici/bitnami-docker-kubectl/comments{/number}","issue_comment_url":"https://api.github.com/repos/Ankara-Cekici/bitnami-docker-kubectl/issues/comments{/number}","contents_url":"https://api.github.com/repos/Ankara-Cekici/bitnami-docker-kubectl/contents/{+path}","compare_url":"https://api.github.com/repos/Ankara-Cekici/bitnami-docker-kubectl/compare/{base}...{head}","merges_url":"https://api.github.com/repos/Ankara-Cekici/bitnami-docker-kubectl/merges","archive_url":"https://api.github.com/repos/Ankara-Cekici/bitnami-docker-kubectl/{archive_format}{/ref}","downloads_url":"https://api.github.com/repos/Ankara-Cekici/bitnami-docker-kubectl/downloads","issues_url":"https://api.github.com/repos/Ankara-Cekici/bitnami-docker-kubectl/issues{/number}","pulls_url":"https://api.github.com/repos/Ankara-Cekici/bitnami-docker-kubectl/pulls{/number}","milestones_url":"https://api.github.com/repos/Ankara-Cekici/bitnami-docker-kubectl/milestones{/number}","notifications_url":"https://api.github.com/repos/Ankara-Cekici/bitnami-docker-kubectl/notifications{?since,all,participating}","labels_url":"https://api.github.com/repos/Ankara-Cekici/bitnami-docker-kubectl/labels{/name}","releases_url":"https://api.github.com/repos/Ankara-Cekici/bitnami-docker-kubectl/releases{/id}","deployments_url":"https://api.github.com/repos/Ankara-Cekici/bitnami-docker-kubectl/deployments","created_at":"2022-06-23 09:49:02 UTC","updated_at":"2022-06-23 10:24:52 UTC","pushed_at":"2022-07-07 06:21:21 UTC","git_url":"git://github.com/Ankara-Cekici/bitnami-docker-kubectl.git","ssh_url":"git@github.com:Ankara-Cekici/bitnami-docker-kubectl.git","clone_url":"https://github.com/Ankara-Cekici/bitnami-docker-kubectl.git","svn_url":"https://github.com/Ankara-Cekici/bitnami-docker-kubectl","homepage":null,"size":3532,"stargazers_count":0,"watchers_count":0,"language":"Dockerfile","has_issues":false,"has_projects":true,"has_downloads":true,"has_wiki":true,"has_pages":false,"forks_count":1,"mirror_url":null,"archived":false,"disabled":false,"open_issues_count":0,"license":{"key":"other","name":"Other","spdx_id":"NOASSERTION","url":null,"node_id":"MDc6TGljZW5zZTA="},"allow_forking":true,"is_template":false,"web_commit_signoff_required":true,"topics":[],"visibility":"public","forks":1,"open_issues":0,"watchers":0,"default_branch":"revert","permissions":{"admin":false,"maintain":false,"push":false,"triage":false,"pull":false},"temp_clone_token":"","organization":{"login":"Ankara-Cekici","id":107654903,"node_id":"O_kgDOBmqu9w","avatar_url":"https://avatars.githubusercontent.com/u/107654903?v=4","gravatar_id":"","url":"https://api.github.com/users/Ankara-Cekici","html_url":"https://github.com/Ankara-Cekici","followers_url":"https://api.github.com/users/Ankara-Cekici/followers","following_url":"https://api.github.com/users/Ankara-Cekici/following{/other_user}","gists_url":"https://api.github.com/users/Ankara-Cekici/gists{/gist_id}","starred_url":"https://api.github.com/users/Ankara-Cekici/starred{/owner}{/repo}","subscriptions_url":"https://api.github.com/users/Ankara-Cekici/subscriptions","organizations_url":"https://api.github.com/users/Ankara-Cekici/orgs","repos_url":"https://api.github.com/users/Ankara-Cekici/repos","events_url":"https://api.github.com/users/Ankara-Cekici/events{/privacy}","received_events_url":"https://api.github.com/users/Ankara-Cekici/received_events","type":"Organization","site_admin":false},"parent":{"id":503614397,"node_id":"R_kgDOHgSLvQ","name":"bitnami-docker-kubectl","full_name":"Bariscankibarcekici/bitnami-docker-kubectl","private":false,"owner":{"login":"Bariscankibarcekici","id":106708281,"node_id":"U_kgDOBlw9OQ","avatar_url":"https://avatars.githubusercontent.com/u/106708281?v=4","gravatar_id":"","url":"https://api.github.com/users/Bariscankibarcekici","html_url":"https://github.com/Bariscankibarcekici","followers_url":"https://api.github.com/users/Bariscankibarcekici/followers","following_url":"https://api.github.com/users/Bariscankibarcekici/following{/other_user}","gists_url":"https://api.github.com/users/Bariscankibarcekici/gists{/gist_id}","starred_url":"https://api.github.com/users/Bariscankibarcekici/starred{/owner}{/repo}","subscriptions_url":"https://api.github.com/users/Bariscankibarcekici/subscriptions","organizations_url":"https://api.github.com/users/Bariscankibarcekici/orgs","repos_url":"https://api.github.com/users/Bariscankibarcekici/repos","events_url":"https://api.github.com/users/Bariscankibarcekici/events{/privacy}","received_events_url":"https://api.github.com/users/Bariscankibarcekici/received_events","type":"User","site_admin":false},"html_url":"https://github.com/Bariscankibarcekici/bitnami-docker-kubectl","description":"Bitnami Docker Image for Kubectl","fork":true,"url":"https://api.github.com/repos/Bariscankibarcekici/bitnami-docker-kubectl","forks_url":"https://api.github.com/repos/Bariscankibarcekici/bitnami-docker-kubectl/forks","keys_url":"https://api.github.com/repos/Bariscankibarcekici/bitnami-docker-kubectl/keys{/key_id}","collaborators_url":"https://api.github.com/repos/Bariscankibarcekici/bitnami-docker-kubectl/collaborators{/collaborator}","teams_url":"https://api.github.com/repos/Bariscankibarcekici/bitnami-docker-kubectl/teams","hooks_url":"https://api.github.com/repos/Bariscankibarcekici/bitnami-docker-kubectl/hooks","issue_events_url":"https://api.github.com/repos/Bariscankibarcekici/bitnami-docker-kubectl/issues/events{/number}","events_url":"https://api.github.com/repos/Bariscankibarcekici/bitnami-docker-kubectl/events","assignees_url":"https://api.github.com/repos/Bariscankibarcekici/bitnami-docker-kubectl/assignees{/user}","branches_url":"https://api.github.com/repos/Bariscankibarcekici/bitnami-docker-kubectl/branches{/branch}","tags_url":"https://api.github.com/repos/Bariscankibarcekici/bitnami-docker-kubectl/tags","blobs_url":"https://api.github.com/repos/Bariscankibarcekici/bitnami-docker-kubectl/git/blobs{/sha}","git_tags_url":"https://api.github.com/repos/Bariscankibarcekici/bitnami-docker-kubectl/git/tags{/sha}","git_refs_url":"https://api.github.com/repos/Bariscankibarcekici/bitnami-docker-kubectl/git/refs{/sha}","trees_url":"https://api.github.com/repos/Bariscankibarcekici/bitnami-docker-kubectl/git/trees{/sha}","statuses_url":"https://api.github.com/repos/Bariscankibarcekici/bitnami-docker-kubectl/statuses/{sha}","languages_url":"https://api.github.com/repos/Bariscankibarcekici/bitnami-docker-kubectl/languages","stargazers_url":"https://api.github.com/repos/Bariscankibarcekici/bitnami-docker-kubectl/stargazers","contributors_url":"https://api.github.com/repos/Bariscankibarcekici/bitnami-docker-kubectl/contributors","subscribers_url":"https://api.github.com/repos/Bariscankibarcekici/bitnami-docker-kubectl/subscribers","subscription_url":"https://api.github.com/repos/Bariscankibarcekici/bitnami-docker-kubectl/subscription","commits_url":"https://api.github.com/repos/Bariscankibarcekici/bitnami-docker-kubectl/commits{/sha}","git_commits_url":"https://api.github.com/repos/Bariscankibarcekici/bitnami-docker-kubectl/git/commits{/sha}","comments_url":"https://api.github.com/repos/Bariscankibarcekici/bitnami-docker-kubectl/comments{/number}","issue_comment_url":"https://api.github.com/repos/Bariscankibarcekici/bitnami-docker-kubectl/issues/comments{/number}","contents_url":"https://api.github.com/repos/Bariscankibarcekici/bitnami-docker-kubectl/contents/{+path}","compare_url":"https://api.github.com/repos/Bariscankibarcekici/bitnami-docker-kubectl/compare/{base}...{head}","merges_url":"https://api.github.com/repos/Bariscankibarcekici/bitnami-docker-kubectl/merges","archive_url":"https://api.github.com/repos/Bariscankibarcekici/bitnami-docker-kubectl/{archive_format}{/ref}","downloads_url":"https://api.github.com/repos/Bariscankibarcekici/bitnami-docker-kubectl/downloads","issues_url":"https://api.github.com/repos/Bariscankibarcekici/bitnami-docker-kubectl/issues{/number}","pulls_url":"https://api.github.com/repos/Bariscankibarcekici/bitnami-docker-kubectl/pulls{/number}","milestones_url":"https://api.github.com/repos/Bariscankibarcekici/bitnami-docker-kubectl/milestones{/number}","notifications_url":"https://api.github.com/repos/Bariscankibarcekici/bitnami-docker-kubectl/notifications{?since,all,participating}","labels_url":"https://api.github.com/repos/Bariscankibarcekici/bitnami-docker-kubectl/labels{/name}","releases_url":"https://api.github.com/repos/Bariscankibarcekici/bitnami-docker-kubectl/releases{/id}","deployments_url":"https://api.github.com/repos/Bariscankibarcekici/bitnami-docker-kubectl/deployments","created_at":"2022-06-15 04:29:38 UTC","updated_at":"2022-07-07 13:42:45 UTC","pushed_at":"2022-07-07 11:58:05 UTC","git_url":"git://github.com/Bariscankibarcekici/bitnami-docker-kubectl.git","ssh_url":"git@github.com:Bariscankibarcekici/bitnami-docker-kubectl.git","clone_url":"https://github.com/Bariscankibarcekici/bitnami-docker-kubectl.git","svn_url":"https://github.com/Bariscankibarcekici/bitnami-docker-kubectl","homepage":null,"size":3536,"stargazers_count":1,"watchers_count":1,"language":"Dockerfile","has_issues":true,"has_projects":true,"has_downloads":true,"has_wiki":true,"has_pages":false,"forks_count":1,"mirror_url":null,"archived":false,"disabled":false,"open_issues_count":1,"license":{"key":"other","name":"Other","spdx_id":"NOASSERTION","url":null,"node_id":"MDc6TGljZW5zZTA="},"allow_forking":true,"is_template":true,"web_commit_signoff_required":true,"topics":[],"visibility":"public","forks":1,"open_issues":1,"watchers":1,"default_branch":"Xzx"},"source":{"id":156687234,"node_id":"MDEwOlJlcG9zaXRvcnkxNTY2ODcyMzQ=","name":"bitnami-docker-kubectl","full_name":"bitnami/bitnami-docker-kubectl","private":false,"owner":{"login":"bitnami","id":5446553,"node_id":"MDEyOk9yZ2FuaXphdGlvbjU0NDY1NTM=","avatar_url":"https://avatars.githubusercontent.com/u/5446553?v=4","gravatar_id":"","url":"https://api.github.com/users/bitnami","html_url":"https://github.com/bitnami","followers_url":"https://api.github.com/users/bitnami/followers","following_url":"https://api.github.com/users/bitnami/following{/other_user}","gists_url":"https://api.github.com/users/bitnami/gists{/gist_id}","starred_url":"https://api.github.com/users/bitnami/starred{/owner}{/repo}","subscriptions_url":"https://api.github.com/users/bitnami/subscriptions","organizations_url":"https://api.github.com/users/bitnami/orgs","repos_url":"https://api.github.com/users/bitnami/repos","events_url":"https://api.github.com/users/bitnami/events{/privacy}","received_events_url":"https://api.github.com/users/bitnami/received_events","type":"Organization","site_admin":false},"html_url":"https://github.com/bitnami/bitnami-docker-kubectl","description":"Bitnami Docker Image for Kubectl","fork":false,"url":"https://api.github.com/repos/bitnami/bitnami-docker-kubectl","forks_url":"https://api.github.com/repos/bitnami/bitnami-docker-kubectl/forks","keys_url":"https://api.github.com/repos/bitnami/bitnami-docker-kubectl/keys{/key_id}","collaborators_url":"https://api.github.com/repos/bitnami/bitnami-docker-kubectl/collaborators{/collaborator}","teams_url":"https://api.github.com/repos/bitnami/bitnami-docker-kubectl/teams","hooks_url":"https://api.github.com/repos/bitnami/bitnami-docker-kubectl/hooks","issue_events_url":"https://api.github.com/repos/bitnami/bitnami-docker-kubectl/issues/events{/number}","events_url":"https://api.github.com/repos/bitnami/bitnami-docker-kubectl/events","assignees_url":"https://api.github.com/repos/bitnami/bitnami-docker-kubectl/assignees{/user}","branches_url":"https://api.github.com/repos/bitnami/bitnami-docker-kubectl/branches{/branch}","tags_url":"https://api.github.com/repos/bitnami/bitnami-docker-kubectl/tags","blobs_url":"https://api.github.com/repos/bitnami/bitnami-docker-kubectl/git/blobs{/sha}","git_tags_url":"https://api.github.com/repos/bitnami/bitnami-docker-kubectl/git/tags{/sha}","git_refs_url":"https://api.github.com/repos/bitnami/bitnami-docker-kubectl/git/refs{/sha}","trees_url":"https://api.github.com/repos/bitnami/bitnami-docker-kubectl/git/trees{/sha}","statuses_url":"https://api.github.com/repos/bitnami/bitnami-docker-kubectl/statuses/{sha}","languages_url":"https://api.github.com/repos/bitnami/bitnami-docker-kubectl/languages","stargazers_url":"https://api.github.com/repos/bitnami/bitnami-docker-kubectl/stargazers","contributors_url":"https://api.github.com/repos/bitnami/bitnami-docker-kubectl/contributors","subscribers_url":"https://api.github.com/repos/bitnami/bitnami-docker-kubectl/subscribers","subscription_url":"https://api.github.com/repos/bitnami/bitnami-docker-kubectl/subscription","commits_url":"https://api.github.com/repos/bitnami/bitnami-docker-kubectl/commits{/sha}","git_commits_url":"https://api.github.com/repos/bitnami/bitnami-docker-kubectl/git/commits{/sha}","comments_url":"https://api.github.com/repos/bitnami/bitnami-docker-kubectl/comments{/number}","issue_comment_url":"https://api.github.com/repos/bitnami/bitnami-docker-kubectl/issues/comments{/number}","contents_url":"https://api.github.com/repos/bitnami/bitnami-docker-kubectl/contents/{+path}","compare_url":"https://api.github.com/repos/bitnami/bitnami-docker-kubectl/compare/{base}...{head}","merges_url":"https://api.github.com/repos/bitnami/bitnami-docker-kubectl/merges","archive_url":"https://api.github.com/repos/bitnami/bitnami-docker-kubectl/{archive_format}{/ref}","downloads_url":"https://api.github.com/repos/bitnami/bitnami-docker-kubectl/downloads","issues_url":"https://api.github.com/repos/bitnami/bitnami-docker-kubectl/issues{/number}","pulls_url":"https://api.github.com/repos/bitnami/bitnami-docker-kubectl/pulls{/number}","milestones_url":"https://api.github.com/repos/bitnami/bitnami-docker-kubectl/milestones{/number}","notifications_url":"https://api.github.com/repos/bitnami/bitnami-docker-kubectl/notifications{?since,all,participating}","labels_url":"https://api.github.com/repos/bitnami/bitnami-docker-kubectl/labels{/name}","releases_url":"https://api.github.com/repos/bitnami/bitnami-docker-kubectl/releases{/id}","deployments_url":"https://api.github.com/repos/bitnami/bitnami-docker-kubectl/deployments","created_at":"2018-11-08 10:07:36 UTC","updated_at":"2022-07-05 17:19:40 UTC","pushed_at":"2022-07-07 07:16:37 UTC","git_url":"git://github.com/bitnami/bitnami-docker-kubectl.git","ssh_url":"git@github.com:bitnami/bitnami-docker-kubectl.git","clone_url":"https://github.com/bitnami/bitnami-docker-kubectl.git","svn_url":"https://github.com/bitnami/bitnami-docker-kubectl","homepage":null,"size":3532,"stargazers_count":84,"watchers_count":84,"language":"Dockerfile","has_issues":true,"has_projects":true,"has_downloads":true,"has_wiki":true,"has_pages":false,"forks_count":55,"mirror_url":null,"archived":false,"disabled":false,"open_issues_count":1,"license":{"key":"other","name":"Other","spdx_id":"NOASSERTION","url":null,"node_id":"MDc6TGljZW5zZTA="},"allow_forking":true,"is_template":false,"web_commit_signoff_required":false,"topics":["bitnami","docker","kubeapps","kubectl","non-root"],"visibility":"public","forks":55,"open_issues":1,"watchers":84,"default_branch":"master"},"network_count":55,"subscribers_count":0}